{
  "timestamp": 1750955801,
  "network": {
    "ip": "192.168.1.106",
    "interface": "ens18",
    "gateway": "192.168.1.254",
    "dns": [
      "192.168.1.254"
    ],
    "dhcp": "",
    "active_hosts": 7
  },
  "hosts": [
    {
      "ip": "192.168.1.1",
      "services": [
        {
          "port": "53/tcp",
          "service": "domain",
          "product": "Simple DNS Plus",
          "version": "",
          "info": "",
          "cves": []
        },
        {
          "port": "88/tcp",
          "service": "kerberos-sec",
          "product": "Microsoft Windows Kerberos",
          "version": "",
          "info": "server time: 2025-06-26 16:34:29Z",
          "cves": []
        },
        {
          "port": "135/tcp",
          "service": "msrpc",
          "product": "Microsoft Windows RPC",
          "version": "",
          "info": "",
          "cves": []
        },
        {
          "port": "139/tcp",
          "service": "netbios-ssn",
          "product": "Microsoft Windows netbios-ssn",
          "version": "",
          "info": "",
          "cves": []
        },
        {
          "port": "389/tcp",
          "service": "ldap",
          "product": "Microsoft Windows Active Directory LDAP",
          "version": "",
          "info": "Domain: vuln.local, Site: Default-First-Site-Name",
          "cves": []
        },
        {
          "port": "445/tcp",
          "service": "microsoft-ds",
          "product": "Microsoft Windows Server 2008 R2 - 2012 microsoft-ds",
          "version": "",
          "info": "workgroup: VULN",
          "cves": []
        },
        {
          "port": "464/tcp",
          "service": "kpasswd5",
          "product": "",
          "version": "",
          "info": "",
          "cves": []
        },
        {
          "port": "593/tcp",
          "service": "ncacn_http",
          "product": "Microsoft Windows RPC over HTTP",
          "version": "1.0",
          "info": "",
          "cves": []
        },
        {
          "port": "636/tcp",
          "service": "tcpwrapped",
          "product": "",
          "version": "",
          "info": "",
          "cves": []
        },
        {
          "port": "3268/tcp",
          "service": "ldap",
          "product": "Microsoft Windows Active Directory LDAP",
          "version": "",
          "info": "Domain: vuln.local, Site: Default-First-Site-Name",
          "cves": []
        },
        {
          "port": "3269/tcp",
          "service": "tcpwrapped",
          "product": "",
          "version": "",
          "info": "",
          "cves": []
        },
        {
          "port": "49154/tcp",
          "service": "msrpc",
          "product": "Microsoft Windows RPC",
          "version": "",
          "info": "",
          "cves": []
        },
        {
          "port": "49155/tcp",
          "service": "msrpc",
          "product": "Microsoft Windows RPC",
          "version": "",
          "info": "",
          "cves": []
        },
        {
          "port": "49157/tcp",
          "service": "ncacn_http",
          "product": "Microsoft Windows RPC over HTTP",
          "version": "1.0",
          "info": "",
          "cves": []
        },
        {
          "port": "49158/tcp",
          "service": "msrpc",
          "product": "Microsoft Windows RPC",
          "version": "",
          "info": "",
          "cves": []
        },
        {
          "port": "49159/tcp",
          "service": "msrpc",
          "product": "Microsoft Windows RPC",
          "version": "",
          "info": "",
          "cves": []
        }
      ]
    },
    {
      "ip": "192.168.1.101",
      "services": [
        {
          "port": "22/tcp",
          "service": "ssh",
          "product": "OpenSSH",
          "version": "9.2p1 Debian 2+deb12u5",
          "info": "protocol 2.0",
          "cves": [
            "CVE-2023-38408",
            "CVE-2023-28531",
            "CVE-2024-6387",
            "CVE-2025-26465",
            "CVE-2023-51385",
            "CVE-2023-48795",
            "CVE-2023-51384",
            "CVE-2025-32728"
          ]
        },
        {
          "port": "80/tcp",
          "service": "http",
          "product": "nginx",
          "version": "1.27.5",
          "info": "",
          "cves": []
        },
        {
          "port": "8080/tcp",
          "service": "http-proxy",
          "product": "gunicorn",
          "version": "",
          "info": "",
          "cves": []
        }
      ]
    },
    {
      "ip": "192.168.1.102",
      "services": [
        {
          "port": "22/tcp",
          "service": "ssh",
          "product": "OpenSSH",
          "version": "9.2p1 Debian 2+deb12u6",
          "info": "protocol 2.0",
          "cves": [
            "CVE-2023-38408",
            "CVE-2023-28531",
            "CVE-2024-6387",
            "CVE-2025-26465",
            "CVE-2023-51385",
            "CVE-2023-48795",
            "CVE-2023-51384",
            "CVE-2025-32728"
          ]
        }
      ]
    },
    {
      "ip": "192.168.1.106",
      "services": [
        {
          "port": "22/tcp",
          "service": "ssh",
          "product": "OpenSSH",
          "version": "9.2p1 Debian 2+deb12u6",
          "info": "protocol 2.0",
          "cves": [
            "CVE-2023-38408",
            "CVE-2023-28531",
            "CVE-2024-6387",
            "CVE-2025-26465",
            "CVE-2023-51385",
            "CVE-2023-48795",
            "CVE-2023-51384",
            "CVE-2025-32728"
          ]
        }
      ]
    },
    {
      "ip": "192.168.1.108",
      "services": [
        {
          "port": "22/tcp",
          "service": "ssh",
          "product": "OpenSSH",
          "version": "9.2p1 Debian 2+deb12u6",
          "info": "protocol 2.0",
          "cves": [
            "CVE-2023-38408",
            "CVE-2023-28531",
            "CVE-2024-6387",
            "CVE-2025-26465",
            "CVE-2023-51385",
            "CVE-2023-48795",
            "CVE-2023-51384",
            "CVE-2025-32728"
          ]
        }
      ]
    },
    {
      "ip": "192.168.1.254",
      "services": [
        {
          "port": "53/tcp",
          "service": "domain",
          "product": "Unbound",
          "version": "1.22.0",
          "info": "",
          "cves": []
        },
        {
          "port": "80/tcp",
          "service": "http",
          "product": "OPNsense",
          "version": "",
          "info": "",
          "cves": []
        },
        {
          "port": "4443/tcp",
          "service": "pharos",
          "product": "",
          "version": "",
          "info": "",
          "cves": []
        }
      ]
    },
    {
      "ip": "192.168.1.99",
      "services": [
        {
          "port": "22/tcp",
          "service": "ssh",
          "product": "OpenSSH",
          "version": "9.2p1 Debian 2+deb12u6",
          "info": "protocol 2.0",
          "cves": [
            "CVE-2023-38408",
            "CVE-2023-28531",
            "CVE-2024-6387",
            "CVE-2025-26465",
            "CVE-2023-51385",
            "CVE-2023-48795",
            "CVE-2023-51384",
            "CVE-2025-32728"
          ]
        }
      ]
    }
  ]
}
